id,first_name,last_name,age,country,city,email
1,John,Lewis,61,Tonga,East Michael,johnsonjack@esmartdata.org
2,Lance,Boyer,21,Seychelles,Janicetown,thodges@esmartdata.org
3,Michael,Larson,22,Czech Republic,West Melissa,kmalone@esmartdata.org
4,Alexandra,Marshall,50,Malaysia,Lunamouth,yperry@esmartdata.org
5,Rebecca,Maldonado,51,Canada,Lake Sandrastad,mwade@esmartdata.org
6,Ronald,Ward,61,French Guiana,Kennethview,lisa46@esmartdata.org
7,Justin,Wolf,19,French Southern Territories,Kristinestad,greenjustin@esmartdata.org
8,Nicole,Fuentes,63,Gambia,Port Frank,brandonchandler@esmartdata.org
9,Melissa,Rowland,45,Sudan,Alexiston,gibsonjennifer@esmartdata.org
10,Sean,Schmidt,42,Nauru,Alyssafort,vterry@esmartdata.org
